id	output
{"address":"0xe95fFE489B6b7eA91Eb46c48329113B8AEFb73C5","chainId":11155111}	\N
{"address":"0x61BE8618902a19aDD7e1A232DEBA82385B0F47ab","chainId":11155111}	\N
{"address":"0x3dBbF4e7c3d477CC0cDB75193Be340F54644f6dE","chainId":11155111}	\N
{"address":"0xF350B7A2F61Ce5a668E1a77ACa21AFaCc71935D8","chainId":11155111}	\N
{"address":"0xEe9aD21317c39Dc27549Af5eD5a6ebEf1321439C","chainId":11155111}	\N
{"address":"0xb51CD6c3364344CaEdE8c9Ea32b63851F3354e04","chainId":11155111}	\N
{"address":"0x90D3a3C5801aC8A3Afaf4D6bc85Ded0Af36b68Ad","chainId":11155111}	\N
{"address":"0x6663545aF63bC3268785Cf859f0608506759EBe8","chainId":11155111}	\N
{"address":"0xbfFbD742BdfC0D00988845C0A7d5141a0236de61","chainId":11155111}	\N
{"address":"0xd30A9182d3baB3550C870495bf5370551A250876","chainId":11155111}	\N
{"address":"0x80e5f5BD64b5c16EDe883e63a56FD9bA90D99cf8","chainId":11155111}	\N
{"address":"0x974830eed675690E5c28fCe72fdeA8F1D4C212E1","chainId":11155111}	\N
{"address":"0xa9bCaD4090FE006cFC76E18B10296C669Eb7b6bF","chainId":11155111}	\N
{"address":"0xe40b5d08f4baC11dc93B7302FE0870B77C1B9E99","chainId":146}	\N
{"address":"0x74dc857D5567a3B087E79b96B91CDc8099B2FA34","chainId":146}	\N
